N_variable,DirectConv_ms,FFTConv_ms
64,1.35892,1.04354
128,1.85177,1.49668
256,3.10418,0.92817
512,6.59889,1.51864
1024,11.4834,1.99186
2048,25.3259,4.27914
4096,0,11.4054
