N_variable,DirectConv_ms,FFTConv_ms
64,1.63709,1.6012
128,1.8134,0.927431
256,3.61407,0.904036
512,5.68937,1.4018
1024,19.0129,3.32185
2048,35.7757,6.56324
4096,0,11.8461
