N,DirectConv_ms,FFTConv_ms
64,0.144853,0.127319
128,0.595922,0.321072
256,2.38495,0.682416
512,6.58132,1.46163
1024,24.7456,1.93914
2048,141.54,5.69202
4096,0,9.96874
