N,DirectConv_ms,FFTConv_ms
64,0.104256,0.118221
128,0.37665,0.197233
256,1.68623,0.401009
512,7.54095,1.43526
1024,26.896,1.96966
2048,94.4443,5.7097
4096,0,11.3791
