N_variable,DirectConv_ms,FFTConv_ms
64,1.39725,1.04924
128,1.86031,1.53462
256,3.14099,0.913349
512,6.5234,1.48199
1024,11.5351,1.99697
2048,22.4082,4.19862
4096,0,13.909
