N,DirectConv_ms,FFTConv_ms
64,0.128881,0.12346
128,0.357646,0.219341
256,1.86074,0.686635
512,7.08018,1.00719
1024,24.8055,1.98026
2048,116.375,5.33777
4096,0,12.1942
